url,domain,time_delta_q1,time_delta_median,time_delta_q3,time_delta_max,time_delta_mean,time_delta_std,pkt_len_median,pkt_len_q3,pkt_len_max,pkt_len_mean,pkt_len_std,pkt_count
https://github.com/15768365909,github.com,3e-06,6.4e-05,0.007975,0.438913,0.017592699680511182,0.05488854595368254,0.0,39.0,5312.0,263.93949044585986,770.7337358222775,314
https://github.com/CrownCress77,github.com,2e-06,6.1e-05,0.0038335,0.818197,0.01764442033898305,0.06815800670884818,24.0,474.0,10624.0,595.0945945945946,1244.2461407688352,296
https://github.com/Dev2-ATS,github.com,1.1e-05,6e-05,0.009284,1.010015,0.031572412429378534,0.1264961933784268,0.0,48.0,10624.0,470.9719101123595,1365.6172190760515,178
https://github.com/Flowseal,github.com,6e-06,6.1e-05,0.0014535,0.674235,0.00829165076660988,0.04343176545889105,0.0,1049.75,5312.0,605.2057823129252,1080.4238316736075,588
https://github.com/InfoYaseer,github.com,4.7e-05,0.000734,0.007835,0.197921,0.00828969310793238,0.019856351469273493,24.0,1328.0,2656.0,569.6311688311688,794.143543585086,770
https://github.com/Limhax1,github.com,9e-06,0.000139,0.0029839999999999997,0.635195,0.011002686390532545,0.04471942937850397,0.0,64.0,7968.0,306.15354330708664,835.2737259636812,508
https://github.com/MITARPALGROVER,github.com,9e-06,3.6e-05,0.0006447499999999999,0.736898,0.005530218806509946,0.046818372622836044,39.0,2656.0,9172.0,1129.7967479674796,1374.3032616692071,1107
https://github.com/MartiSuvik,github.com,4.4e-05,0.000609,0.005308,0.107308,0.006029379978471475,0.012293985924881871,0.0,624.0,2656.0,392.1559139784946,672.2495951530965,930
https://github.com/Mikolasch,github.com,2.5e-05,0.000552,0.001034,0.379853,0.0013899535600865283,0.006271043132404549,1328.0,1328.0,3984.0,859.620826141986,914.5792421705399,43455
https://github.com/NikolaiJDev,github.com,2e-06,6.1000000000000005e-05,0.001801,0.328658,0.008623605485232068,0.030228551450602884,39.0,1328.0,10624.0,702.1789473684211,1190.802099807546,475
https://github.com/Shocker,github.com,1.1e-05,9.35e-05,0.0017705,0.257903,0.0046790192307692305,0.016087591330664747,0.0,79.0,6640.0,327.39948783610754,739.2466811487762,781
https://github.com/Terryohana,github.com,2e-06,6.15e-05,0.0007132499999999999,0.816165,0.004291219844357977,0.0344231916767961,53.0,1428.0,5046.0,756.2050534499514,1000.9449114183467,1029
https://github.com/YasH-Bodhe,github.com,1.1e-05,8.1e-05,0.000628,0.634686,0.0022150228476821195,0.01858097551963173,82.0,2656.0,6640.0,1106.7805362462761,1221.7068409119133,3021
https://github.com/Youcef3939/TerraMind/stargazers,github.com,3.9750000000000004e-05,0.00043,0.0066715,0.206057,0.008575822183098592,0.018877121069747513,0.0,106.0,3984.0,384.5782073813708,731.3369784190586,569
https://github.com/astesin,github.com,8e-06,3.8e-05,0.004638,0.751823,0.026108141463414634,0.09603964490140889,0.0,119.75,5312.0,523.742718446602,1151.8508485848959,206
https://github.com/breadbaker,github.com,1e-05,0.000108,0.0018752500000000002,0.788558,0.0067853268292682924,0.03433623447550043,0.0,75.0,9296.0,596.3166869671132,1585.3178075094504,821
https://github.com/cmoulliard,github.com,8.75e-06,3.95e-05,0.000819,0.899249,0.013222276162790697,0.0689017302624729,39.0,490.0,10624.0,905.6869565217391,2154.3247122178204,345
https://github.com/collections,github.com,1e-06,4.3e-05,0.0004925,0.07662,0.0014052128913443832,0.0046682977117760245,49.0,1329.5,10624.0,827.929675994109,1411.6316606427345,2716
https://github.com/customer-stories,github.com,1e-05,5.05e-05,0.0011214999999999999,0.242865,0.004653128172588832,0.019670668239181073,24.0,1328.0,6640.0,683.7072243346007,1218.531409588331,789
https://github.com/davaya,github.com,4e-06,4.4e-05,0.001299,0.450001,0.010067454965357967,0.044464651155423966,0.0,48.75,7690.0,390.06912442396316,978.0155780770351,434
https://github.com/dbuzatto,github.com,1.3e-05,4.7e-05,0.0007715,0.394903,0.007717475138121547,0.035337241441416395,39.0,1328.0,10624.0,1183.6011029411766,2252.451255061036,544
https://github.com/dentunc/crud-api-go,github.com,2e-06,4.7e-05,0.000558,0.32108,0.006432941176470588,0.02545172949999813,31.0,624.0,6640.0,597.9985673352436,1078.4246580930092,698
https://github.com/desktop/desktop/blob/development/tsconfig.json,github.com,1e-05,0.000129,0.002066,0.425882,0.006251330365974283,0.02392887442830528,0.0,61.75,10624.0,584.2154150197629,1697.902048998004,1012
https://github.com/dzhhem/ReactNativeLabWorks/stargazers,github.com,1e-05,0.000172,0.00828075,0.456276,0.03251085465116279,0.09327653239141692,0.0,87.0,9744.0,560.1329479768787,1716.8886914222783,173
https://github.com/erwanor,github.com,2e-06,6.1e-05,0.00108,0.627232,0.0075114971751412424,0.03351158735908088,31.0,492.0,10624.0,585.8194640338505,1109.905165243997,709
https://github.com/exvuma,github.com,9e-06,4.3e-05,0.001967,0.287056,0.010187922048997773,0.03426138753673836,0.0,53.0,9296.0,596.7266666666667,1509.4685958397026,450
https://github.com/finlayconnor27,github.com,2e-06,6.7e-05,0.0014632500000000001,0.704816,0.005382948616600791,0.027686671640940207,39.0,1328.0,5312.0,629.5340572556762,997.3925839293659,1013
https://github.com/gabrielprogramercs,github.com,2.75e-06,8.1e-05,0.0010155,0.419196,0.0065260064935064935,0.025938451389372327,24.0,690.0,8689.0,642.8962162162162,1190.1778724229189,925
https://github.com/giantroi123,github.com,8e-06,4.3e-05,0.0010817499999999998,0.454304,0.0031295025746652934,0.017745171483929616,0.0,109.0,10624.0,507.8080288214102,1222.5984878569793,1943
https://github.com/giorgi02,github.com,3e-06,7.4e-05,0.001824,0.563148,0.006376518284993695,0.026922668835335645,0.0,47.5,6640.0,308.0755667506297,848.9321973781322,794
https://github.com/gpbl,github.com,9e-06,5e-05,0.000876,0.54585,0.011297022883295194,0.04623135392152069,0.0,1328.0,7968.0,1004.5456621004566,1666.245784025977,438
https://github.com/guillaumelauzier/PersonalSite,github.com,1.3749999999999999e-05,0.0001795,0.002296,0.22986,0.009381820895522388,0.030450029023153212,24.0,937.0,5312.0,591.0520446096655,1053.921885418855,269
https://github.com/hockdudu,github.com,1.4e-05,0.0001885,0.003975,0.565598,0.010217551229508195,0.036935772657915346,0.0,48.0,10624.0,284.88548057259715,950.207970750666,489
https://github.com/imDarshanGK,github.com,2e-06,3.4e-05,0.000546,0.17514,0.0016875193473193473,0.00801116772323824,377.5,2656.0,10017.0,1202.9072693383039,1425.845567563054,2146
https://github.com/jhonnywalker77777019,github.com,1.1e-05,0.000241,0.006798,0.336396,0.01695659420289855,0.04610810853325195,0.0,48.0,10624.0,406.0432692307692,1211.1542556458155,208
https://github.com/jordanvalnet,github.com,1e-06,5.1e-05,0.0005415,0.384906,0.002527578696343402,0.016137992112665492,53.0,1378.0,10624.0,757.0275423728814,1034.2398083727953,1888
https://github.com/marwin1991,github.com,1.1e-05,8.2e-05,0.0010574999999999998,0.284405,0.002131523916083916,0.00877716846990566,0.0,1328.0,5312.0,582.0212527964205,961.0190303064387,3576
https://github.com/mcp,github.com,8.75e-06,5.9499999999999996e-05,0.00067325,0.861718,0.004365063360881543,0.03391482163546264,31.0,2656.0,10624.0,1012.1885753613215,1591.9970765323574,1453
https://github.com/mcp/com.supabase/mcp,github.com,1e-06,2.2e-05,0.00017,0.456981,0.0010950542222222222,0.00968053224928916,1288.0,2576.0,9016.0,1781.1830785638108,2026.4978006591248,5626
https://github.com/notifications/unsubscribe-auth/BUVCDHE2BFJDTNM5FTSM5XD4YN7IJAVCNFSM6AAAAACX5NR4OWVHI2DSMVQWIX3LMV43URDJONRXK43TNFXW4Q3PNVWWK3TUHMYTMNZXGIYTKNQ,github.com,2.2499999999999998e-05,0.000286,0.0030285,0.174757,0.005773468030690537,0.016683866041190383,24.0,92.0,9296.0,461.4770408163265,1298.9433988575959,392
https://github.com/okainov,github.com,1e-05,8.15e-05,0.001812,0.36315,0.005965502123142251,0.025475759305897128,0.0,89.5,9296.0,472.2746553552492,1364.4469361134904,943
https://github.com/orgs/community/discussions/149884,github.com,2e-06,3.2e-05,0.000685,1.189091,0.004269915336571825,0.03980800978228078,0.0,719.75,6640.0,590.5950069348128,1101.6477991358086,1442
https://github.com/orgs/community/discussions/181437,github.com,2e-06,1.95e-05,0.000484,0.750176,0.003877849355216881,0.02770846809632983,46.0,2656.0,10624.0,1227.0644405389573,1763.1089658958217,1707
https://github.com/orgs/community/discussions/184084,github.com,1.1e-05,8e-05,0.000741,0.957217,0.008322478134110788,0.059756806038744024,39.0,2656.0,5312.0,1022.7933042212518,1249.404541932342,687
https://github.com/orgs/community/discussions/185364,github.com,5e-06,2.5e-05,0.0003885,0.332086,0.0011533932853717026,0.008811800697204159,810.0,2656.0,10624.0,1819.714383561644,2706.059598657952,2920
https://github.com/orgs/community/discussions/192520,github.com,2e-06,6e-05,0.0011435,0.457552,0.005798369901547117,0.026309352336494275,39.0,490.0,4454.0,504.8272471910112,915.8950152584372,712
https://github.com/orgs/community/discussions/194124,github.com,9e-06,0.000139,0.0024925,0.416188,0.006578021791767554,0.025904443777891643,0.0,71.0,6640.0,238.136638452237,666.4906008465337,827
https://github.com/orgs/community/discussions/194233,github.com,1.4e-05,0.000281,0.0055825,0.364679,0.013780334128878281,0.04213598302219782,0.0,39.0,5312.0,221.28095238095239,698.8683161111309,420
https://github.com/orgs/community/discussions/194360,github.com,1.1750000000000001e-05,6.7e-05,0.00448275,0.474986,0.013900108433734942,0.052504722249084076,0.0,156.0,9625.0,494.0780780780781,1273.3964567463377,333
https://github.com/orgs/community/discussions/46769,github.com,9e-06,3.9999999999999996e-05,0.0008157500000000001,0.897509,0.008724538109756097,0.06323237987013688,0.0,1328.0,5312.0,751.7016742770168,1133.45652918364,657
https://github.com/orgs/github/packages,github.com,1e-06,4.3e-05,0.0004255,0.676118,0.0036932435754189943,0.02714646239989198,600.0,1428.0,7587.0,978.5479910714286,1106.1116372766646,896
https://github.com/red-gecko27,github.com,2e-06,7.7e-05,0.000741,0.130973,0.0025760588703261735,0.008937976194861294,53.0,1328.0,5312.0,671.7615262321144,973.9534343741759,1258
https://github.com/resources/whitepapers/agentic-ai-security-and-devops,github.com,1.3e-05,6.7e-05,0.001042,0.556517,0.0043475998763141625,0.019725126279542187,24.0,1001.0,10624.0,908.9969097651422,2095.766749961454,1618
https://github.com/sauravhathi,github.com,2.6e-05,0.00038449999999999997,0.00233575,0.097519,0.0037940703399765535,0.009538759227475107,0.0,211.0,2656.0,354.8810779144698,663.4807009983,1707
https://github.com/settings/education/benefits,github.com,2e-06,0.0001,0.001499,0.326009,0.005646116279069767,0.02351637060372992,31.0,438.5,8484.0,482.0516129032258,953.1991814427914,775
https://github.com/shimauma0312,github.com,2.8e-05,0.00037850000000000004,0.00242475,0.094166,0.0031394899785254114,0.007821799102659815,0.0,523.5,5113.0,415.8851520572451,735.7086256569745,2795
https://github.com/simstudioai/sim/stargazers,github.com,7e-06,4.9e-05,0.001065,0.227962,0.004265470588235294,0.01712033055753344,0.0,150.25,4324.0,439.815873015873,832.6599500603185,630
https://github.com/taplivelabs,github.com,9e-06,9.05e-05,0.001118,0.369436,0.0033921088060965285,0.015705517939123958,0.0,132.5,7713.0,260.91028353787556,672.0206386505355,2363
https://github.com/trending/beef,github.com,1e-06,4.45e-05,0.00047,0.843639,0.007904427777777778,0.05201589317691261,285.0,1428.0,10624.0,1022.3462603878116,1363.8866131975883,361
https://github.com/trending/java,github.com,2e-06,0.000139,0.001886,0.405878,0.007988742086752638,0.028766733920121267,24.0,119.5,9296.0,492.40983606557376,1142.7649161760617,854
https://github.com/trending/lsl,github.com,1.3e-05,0.0002585,0.00995475,0.79026,0.020956699999999998,0.07300867793048295,0.0,39.0,2656.0,269.2135231316726,702.5460615011359,281
https://github.com/trending/nunjucks,github.com,1.55e-05,0.000142,0.004794,0.702314,0.012698250489236791,0.052433981312712076,0.0,48.0,10624.0,340.16796875,1117.303200299098,512
https://github.com/trending/oasv3-json,github.com,2e-06,8.3e-05,0.00457025,0.278787,0.012501727272727272,0.03736828395223011,0.0,64.0,6640.0,312.80906148867314,782.9444709511316,309
https://github.com/trending/oz,github.com,1.1e-05,2.8e-05,0.0006625,2.552542,0.002336990455212922,0.050168246335546195,132.0,2656.0,10624.0,1634.2473394495412,2122.6648551083244,2725
https://github.com/trending/procfile,github.com,9e-06,8.2e-05,0.00099125,0.309849,0.002677364065180103,0.015027933124712086,0.0,185.0,6972.0,316.1680240034291,722.7328810714923,2333
https://github.com/trending/rust,github.com,3e-06,4.4e-05,0.000533,0.941823,0.0038781965906985365,0.028981032245672795,53.0,1581.0,10624.0,1334.1805465493285,2402.863164817703,10795
https://github.com/trending/swift,github.com,1.3e-05,6.25e-05,0.0034815000000000002,0.515762,0.013394149509803922,0.05012840801705186,39.0,437.0,10624.0,648.2469437652812,1450.833651545741,409
https://github.com/trending/typespec,github.com,3e-06,6.3e-05,0.0054452500000000004,0.417456,0.015773786082474227,0.05211609984657033,0.0,39.0,6640.0,196.88174807197944,693.4522381527062,389
https://github.com/vibhu-dixit-dev,github.com,2e-06,8.6e-05,0.002443,0.581167,0.0076217940761636105,0.03284141834480073,24.0,73.0,7968.0,429.5,945.599423698392,710
https://github.com/why-github,github.com,1e-05,5.9e-05,0.0008684999999999999,0.253087,0.0019548120148498143,0.009107412234872148,24.0,624.0,10624.0,655.388326585695,1340.249450645219,2964
https://github.com/zizo03thor,github.com,2.8e-05,0.000343,0.0037315,0.154777,0.00474734455667789,0.011957357782582981,0.0,79.0,2656.0,301.9887892376682,592.779942710816,892
https://www.geeksforgeeks.org/admission-experience/aktu-admission-experience-2/,geeksforgeeks.org,1.2e-05,0.000146,0.001219,0.097195,0.001994606461658233,0.005708560291226846,31.0,382.0,9296.0,485.4933852140078,969.2314818402506,2570
https://www.geeksforgeeks.org/c-sharp/c-sharp-program-for-listing-the-files-in-a-directory/,geeksforgeeks.org,2e-05,0.000285,0.0014185,0.092031,0.002081961012771678,0.0054558933785694855,24.0,1230.0,9212.0,478.2768817204301,803.6638599378186,4464
https://www.geeksforgeeks.org/c-sharp/queue-equals-method-in-c-sharp/,geeksforgeeks.org,5e-06,0.0001,0.001286,0.358929,0.002744650530198248,0.011930599185221394,31.0,409.5,10624.0,530.7677419354839,1069.4144153538807,2170
https://www.geeksforgeeks.org/chemistry/zinc-alloys-properties-occurrence-compounds-uses/,geeksforgeeks.org,2e-06,0.000133,0.0014185,0.40052,0.0028448781749764816,0.012961179527214383,35.0,524.0,13280.0,546.5467795016455,1127.6051385953997,2127
https://www.geeksforgeeks.org/compiler-design/constant-propagation-in-complier-design/,geeksforgeeks.org,2e-06,0.000133,0.001344,0.359373,0.003535295612009238,0.014991715307273792,31.0,384.0,11952.0,519.4566020313943,1104.0928830585744,2166
https://www.geeksforgeeks.org/computer-networks/difference-between-wasabi-and-pcloud/,geeksforgeeks.org,2e-06,6.8e-05,0.00088625,0.428307,0.001990608712121212,0.010916131094117707,39.0,702.0,11898.0,592.1094282468762,1118.8945199316352,2641
https://www.geeksforgeeks.org/cpp/listoperator-c-stl/,geeksforgeeks.org,9e-06,6.4e-05,0.001032,0.092717,0.0019058445721197462,0.006115737278909476,24.0,380.0,10624.0,498.8808948004837,984.4545534392563,3308
https://www.geeksforgeeks.org/css/css-border-bottom-right-radius-property/,geeksforgeeks.org,3.5e-05,0.000516,0.0033745,0.273016,0.0033641156275044074,0.008743759582157312,31.0,1328.0,5312.0,656.0909090909091,889.9433161096133,31196
https://www.geeksforgeeks.org/css/introduction-to-css-flexbox/,geeksforgeeks.org,8e-06,0.0001135,0.00136025,0.385536,0.002677921217547001,0.01240542820496576,24.0,381.5,7968.0,500.04742729306486,1042.9902274616213,2235
https://www.geeksforgeeks.org/css/semantic-ui-forms/,geeksforgeeks.org,9e-06,4.1e-05,0.00072625,0.25108,0.0016700562719812427,0.009045222520890095,39.0,1328.0,13280.0,853.0829182537357,1563.399153670293,3413
https://www.geeksforgeeks.org/css/spectre-form-disabled-styles/,geeksforgeeks.org,9e-06,7.7e-05,0.000966,0.306251,0.0017218418604651165,0.008988646724218301,39.0,788.0,10624.0,606.3419094854308,1132.7602599281588,3226
https://www.geeksforgeeks.org/dsa/check-if-the-length-of-all-connected-components-is-a-fibonacci-number/,geeksforgeeks.org,9e-06,0.000151,0.001492,0.100605,0.00238035895494131,0.006353461720509643,31.0,437.75,11952.0,507.25283875851625,1067.7910655179871,2642
https://www.geeksforgeeks.org/dsa/corona-virus-tcs-codevita-2020/,geeksforgeeks.org,7e-06,9.2e-05,0.00113075,0.172284,0.0019607452025586355,0.007434560800804374,31.0,467.0,11881.0,508.565541740675,1042.737135650455,2815
https://www.geeksforgeeks.org/dsa/dynamic-programming-meaning-in-dsa/,geeksforgeeks.org,1.7e-05,0.000148,0.001206,0.126847,0.0016168179569626515,0.0044782560059722296,0.0,1328.0,11952.0,469.8773491592483,804.8650010035923,4044
https://www.geeksforgeeks.org/dsa/fermats-last-theorem/,geeksforgeeks.org,6e-06,8.4e-05,0.001158,0.183308,0.0019865552808194984,0.007347420980837168,31.0,616.0,14507.0,598.6995056497175,1271.5761835459932,2832
https://www.geeksforgeeks.org/dsa/minimum-value-to-be-added-to-the-prefix-sums-at-each-array-indices-to-make-them-positive/,geeksforgeeks.org,8e-06,0.0001115,0.0012445,0.551261,0.002952037291462218,0.016629843524019278,31.0,389.0,11952.0,526.4909269249632,1114.8002178869795,2039
https://www.geeksforgeeks.org/dsa/program-to-check-if-n-is-an-icosikaioctagonal-number/,geeksforgeeks.org,1.1e-05,7.7e-05,0.001042,0.825835,0.003958252965969404,0.022672830841985393,25.0,624.0,13280.0,493.6472332787013,883.2976259600896,12813
https://www.geeksforgeeks.org/dsa/program-to-convert-hexa-decimal-number-to-its-equivalent-bcd/,geeksforgeeks.org,2e-06,0.000114,0.0011832499999999998,0.360406,0.0024863609703113685,0.01248027289924638,31.0,490.5,13280.0,505.56894679695984,1029.3791052699023,2763
https://www.geeksforgeeks.org/ethical-hacking/packet-list-pane-functions-in-wireshark/,geeksforgeeks.org,1.8e-05,0.000299,0.001126,0.103807,0.0018244900466945196,0.0050933431196441515,31.0,1328.0,10624.0,524.8921375921376,817.2275189963727,4070
https://www.geeksforgeeks.org/flutter/flutter-custom-clipper/,geeksforgeeks.org,9e-06,6.8e-05,0.00099125,0.455931,0.0022058679817905918,0.012828581394994206,24.0,393.0,9296.0,509.81873340917707,1018.4539413793535,2637
https://www.geeksforgeeks.org/git/aliases-in-git/,geeksforgeeks.org,1e-05,6.4e-05,0.00098,0.124756,0.001980275475225927,0.007204228139948021,31.0,1328.0,13280.0,684.6102803738318,1211.393053637931,3210
https://www.geeksforgeeks.org/html/html-dom-input-time-min-property/,geeksforgeeks.org,1.1e-05,8.45e-05,0.00100425,0.231419,0.001701286361348767,0.006948578605464965,31.0,653.0,7968.0,548.9947169811321,955.1951677418434,3975
https://www.geeksforgeeks.org/interview-experiences/amdocs-interview-experience-off-campus/,geeksforgeeks.org,5.2500000000000006e-06,0.000102,0.00114925,0.371257,0.0025238874493927125,0.01377701372785398,24.0,287.0,10624.0,462.5596924322137,1025.2723913653876,2471
https://www.geeksforgeeks.org/interview-experiences/arcesium-interview-experience-dec-2021-on-campus/,geeksforgeeks.org,2e-06,0.0001155,0.0014024999999999999,0.343218,0.0023537736674622113,0.00944357545695214,31.0,511.0,13280.0,518.9347912524851,1076.4731046293543,2515
https://www.geeksforgeeks.org/interview-experiences/buyhatke-interview-experience-fte-campus-placement/,geeksforgeeks.org,2e-06,8.4e-05,0.00112,0.144622,0.0020491307774991043,0.0072342468816910584,31.0,466.0,11952.0,494.8162607449857,975.9093000521398,2792
https://www.geeksforgeeks.org/interview-experiences/hsbc-campus-placement-for-trainee-software-engineer-batch-2020/,geeksforgeeks.org,2e-06,5.5e-05,0.0007062500000000001,0.127831,0.0014181303630363038,0.00506566633959998,53.0,1328.0,7968.0,719.1787187242232,1060.2228878925555,3637
https://www.geeksforgeeks.org/java/localdatetime-plushours-method-in-java-with-examples/,geeksforgeeks.org,2.4e-05,0.0003775,0.00149475,0.081355,0.0021204483675018983,0.005425411648618091,35.0,1328.0,9296.0,511.38709677419354,864.66960899016,2635
https://www.geeksforgeeks.org/java/reading-writing-data-excel-file-using-apache-poi/,geeksforgeeks.org,1.2e-05,5e-05,0.000528,0.208107,0.0006466683937823834,0.00310489581715869,81.5,3984.0,13280.0,2329.886602451839,3273.5392103680542,13704
https://www.geeksforgeeks.org/javascript/fabric-js-polyline-strokeuniform-property/,geeksforgeeks.org,2e-06,0.000107,0.00109425,0.253894,0.002423810556464812,0.010779070114735797,31.0,350.0,7968.0,498.1411042944785,1017.825582230313,2445
https://www.geeksforgeeks.org/javascript/how-to-make-ajax-call-from-javascript/,geeksforgeeks.org,1.8e-05,0.000295,0.0012209999999999999,0.23302,0.002219484181568088,0.0071506982363907685,31.0,1328.0,8649.0,561.6433646573458,827.1944356433579,4363
https://www.geeksforgeeks.org/javascript/less-js-import-at-rules-less/,geeksforgeeks.org,1e-05,5.2e-05,0.001115,0.287519,0.0022959068350021767,0.009385300635664489,31.0,458.75,10624.0,552.6118363794604,1083.2508254264735,2298
https://www.geeksforgeeks.org/linux-unix/how-to-install-popcorn-time-on-ubuntu-mint-kali-linux/,geeksforgeeks.org,1.1e-05,6.2e-05,0.000709,0.264538,0.001577888756266412,0.0073538887661397595,31.0,1328.0,13280.0,1189.6066825775656,2412.6801756425616,4190
https://www.geeksforgeeks.org/linux-unix/traxss-automated-xss-vulnerability-scanner/,geeksforgeeks.org,1.1e-05,6.2e-05,0.000684,0.24274,0.0018115236329935126,0.00946511261893895,39.0,1328.0,11881.0,1110.615194564546,2159.42689270854,3238
https://www.geeksforgeeks.org/machine-learning/building-a-generative-adversarial-network-using-keras/,geeksforgeeks.org,9e-06,6.8e-05,0.0010447499999999999,0.249686,0.0021848324488248673,0.009765464803644815,39.0,1328.0,13280.0,656.5767336112164,1110.814670444213,2639
https://www.geeksforgeeks.org/machine-learning/difference-between-machine-learning-and-predictive-modelling/,geeksforgeeks.org,8e-06,0.00013450000000000002,0.00111425,0.116281,0.0020645873129009266,0.006680482201583316,31.0,466.0,10624.0,513.0203063769148,1030.9339097365394,2807
https://www.geeksforgeeks.org/machine-learning/voting-regressor/,geeksforgeeks.org,1.3e-05,0.000131,0.002961,1.693892,0.013150132929104478,0.053570958577483715,0.0,73.0,10624.0,309.412249339344,791.3489858854122,6433
https://www.geeksforgeeks.org/maths/integral-of-cos-x/,geeksforgeeks.org,7e-06,5.7e-05,0.000949,0.0831,0.0018729312524693798,0.005792810041243196,39.0,741.0,9204.0,616.8416271721959,1134.3070913279098,2532
https://www.geeksforgeeks.org/maths/parallel-perpendicular-and-intersecting-lines-worksheets/,geeksforgeeks.org,9e-06,3.2e-05,0.000533,0.267013,0.0007354783265367768,0.003959254300456656,78.0,2656.0,13280.0,1467.239918441323,2388.865955783145,13243
https://www.geeksforgeeks.org/maths/singleton-set/,geeksforgeeks.org,2e-06,0.000101,0.00117675,0.197179,0.0020482791310072416,0.007578129801771114,31.0,380.0,14608.0,516.4929253043764,1106.4214560076045,3039
https://www.geeksforgeeks.org/node-js/how-to-fix-referenceerror-dirname-is-not-defined-in-es-module-scope-in-javascript/,geeksforgeeks.org,2.2e-05,0.000351,0.0015975,0.185818,0.002625756999184561,0.007873057567751718,31.0,1328.0,10595.0,492.57608695652175,814.5046321450341,3680
https://www.geeksforgeeks.org/node-js/node-js-gm-gaussian-function/,geeksforgeeks.org,1e-06,4.7e-05,0.000533,1.332399,0.0032366215303517008,0.03024475089229092,61.0,1428.0,9165.0,810.3837094383133,1039.3130125406008,12142
https://www.geeksforgeeks.org/php/php-imagick-implodeimage-function/,geeksforgeeks.org,7e-06,0.000116,0.0012032500000000001,0.211815,0.002582845840130506,0.01063306233415812,31.0,371.0,11873.0,502.0061149612719,1109.8509017091371,2453
https://www.geeksforgeeks.org/php/php-spldoublylinkedlist-offsetunset-function/,geeksforgeeks.org,5e-06,0.0001315,0.00124325,0.294542,0.0021342796,0.008844714470724954,31.0,287.0,7968.0,458.59976009596164,1006.2540940259288,2501
https://www.geeksforgeeks.org/physics/solar-cooker-working-construction-application/,geeksforgeeks.org,8e-06,9e-05,0.00115775,0.083729,0.0021524528888888887,0.0065952652871490314,31.0,380.5,13280.0,526.7756552643269,1059.898387940174,2251
https://www.geeksforgeeks.org/physics/velocity-time-graphs/,geeksforgeeks.org,9e-06,8e-05,0.0011684999999999998,0.370682,0.002501212189616253,0.011715256661897858,31.0,537.0,11952.0,547.9855595667871,1090.639752516295,2216
https://www.geeksforgeeks.org/python/how-to-export-pandas-dataframe-to-a-csv-file/,geeksforgeeks.org,2e-06,0.000119,0.0012,0.32256,0.0025141844532279314,0.011335416563965158,35.0,512.25,14557.0,575.3511852502195,1268.8749668983733,2278
https://www.geeksforgeeks.org/python/imagefield-django-models/,geeksforgeeks.org,3e-06,0.000104,0.001353,0.372952,0.0028330102476515798,0.012980696261966499,31.0,608.0,11952.0,572.6769099445156,1170.4113797244838,2343
https://www.geeksforgeeks.org/python/querying-and-selecting-specific-column-in-sqlalchemy/,geeksforgeeks.org,3e-06,5.5e-05,0.001023,0.291602,0.002088846941849955,0.009275920410102976,24.0,385.25,10624.0,512.5072289156626,1013.5855411555959,3320
https://www.geeksforgeeks.org/python/setting-up-docker-for-python-projects-a-step-by-step-guide/,geeksforgeeks.org,2e-06,4.9e-05,0.000821,0.109861,0.0013725832591273376,0.0043000153665677734,31.0,1328.0,10624.0,597.4061874026263,977.7969929481889,4493
https://www.geeksforgeeks.org/python/writing-files-background-python/,geeksforgeeks.org,7e-06,9.9e-05,0.0012565,0.161458,0.0024733688438700664,0.008117781695922152,31.0,467.0,13205.0,538.0328212290502,1136.118244135543,2864
https://www.geeksforgeeks.org/quizzes/c-hashtable/,geeksforgeeks.org,1.1e-05,0.0002385,0.0025595,0.324593,0.007373338832487309,0.027007746984849108,0.0,39.0,3984.0,221.83523447401774,599.301059251442,789
https://www.geeksforgeeks.org/quizzes/gate-ecelctromagnetic-field-theory-waveguide-pyqs2000-2025/,geeksforgeeks.org,4e-06,6.6e-05,0.00097975,0.124724,0.0019297433352240497,0.005872589597303715,24.0,475.0,14608.0,544.4326623192514,1109.431531826512,3527
https://www.geeksforgeeks.org/quizzes/spatial-aptitude-quiz-gate-cs/,geeksforgeeks.org,2e-06,6e-05,0.0008975000000000001,0.424141,0.002301613773660894,0.013998763773734877,39.0,774.25,9296.0,614.3305152979066,1129.2937634678517,2484
https://www.geeksforgeeks.org/quizzes/stop-and-wait-arq/,geeksforgeeks.org,1.4e-05,0.0001255,0.00184125,0.355258,0.006472782954545455,0.023916952145237286,0.0,218.0,5123.0,457.57321225879684,892.2691778981592,881
https://www.geeksforgeeks.org/r-language/data-wrangling-in-r-programming-working-with-tibbles/,geeksforgeeks.org,2e-06,6.1e-05,0.001024,0.448579,0.0017595777847901545,0.009716728718925047,31.0,460.0,14567.0,501.0466876971609,1053.723893874481,3170
https://www.geeksforgeeks.org/reactjs/awesome-button-hover-effects-in-react/,geeksforgeeks.org,1.3e-05,0.000169,0.00129075,0.144878,0.0024975107569721114,0.00815277799286112,31.0,391.0,9296.0,490.75308641975306,991.3453575287748,2511
https://www.geeksforgeeks.org/ruby/ruby-set-divide-function/,geeksforgeeks.org,9e-06,7.5e-05,0.0012115000000000001,0.365849,0.0024921577901430843,0.010288675092449703,31.0,512.0,11952.0,567.0901867302344,1201.079863971321,2517
https://www.geeksforgeeks.org/system-design/is-100-reliability-possible/,geeksforgeeks.org,1.1e-05,0.000149,0.001699,0.3605,0.0029410494991160873,0.012476559408193453,31.0,460.0,7968.0,543.4687868080094,1042.4439991503539,1698
https://www.geeksforgeeks.org/videos/build-an-admin-panel-using-reactjs/,geeksforgeeks.org,1.3e-05,9.3e-05,0.001129,0.29076,0.003483383242439266,0.015263033201831646,24.0,712.75,6640.0,634.611496531219,1177.258756256915,2018
https://www.geeksforgeeks.org/videos/html-collection-for-loop/,geeksforgeeks.org,2.6e-05,0.00035800000000000003,0.00138525,0.083864,0.001983526479750779,0.005264387971781254,0.0,675.5,3984.0,437.49018997197135,734.3038448666712,3211
https://www.geeksforgeeks.org/videos/splitting-the-dataset/,geeksforgeeks.org,1.1e-05,5.25e-05,0.00086375,0.307096,0.0030003056506849317,0.013617467155147722,0.0,1328.0,10624.0,1007.1108258451005,2064.116463722841,2337
https://www.geeksforgeeks.org/work-experiences/prodigy-infotech-work-experience-as-web-developer-intern/,geeksforgeeks.org,1.1e-05,9.85e-05,0.00117975,0.285978,0.0022855492610837436,0.009025040595200701,24.0,297.5,9296.0,484.62434048540274,961.209876896782,2843
https://www.google.com/finance/quote/003040:SHE,google.com,1e-06,5.5e-05,0.000948,0.447939,0.003257073720136519,0.017903088896831194,34.5,477.0,11434.0,477.2339699863574,891.1290659129434,1466
https://www.google.com/finance/quote/00653L:TPE,google.com,1e-06,5.8e-05,0.00200425,0.311714,0.005871188571428571,0.02344318621511894,39.0,268.5,9296.0,410.8791627021884,904.6762628822187,1051
https://www.google.com/finance/quote/0608:HKG,google.com,1e-06,9.2e-05,0.0010474999999999998,0.270984,0.0033882192254495163,0.014447908971333825,39.0,481.5,6640.0,440.65653075328265,820.4104133913445,1447
https://www.google.com/finance/quote/0873:HKG,google.com,2e-06,6.3e-05,0.000883,0.437119,0.0041857068440635916,0.019609808147824263,39.0,1328.0,9296.0,627.2537767756482,959.335872135137,8870
https://www.google.com/finance/quote/2689:HKG,google.com,1e-06,4.5e-05,0.00128275,0.336026,0.005250610824742268,0.024839766688048513,39.0,298.0,7968.0,323.05665236051505,603.5523222741015,1165
https://www.google.com/finance/quote/300147:SHE,google.com,1e-06,4.5e-05,0.000772,0.280957,0.004155333018867924,0.01665578002460385,68.0,1328.0,10624.0,665.4571159283695,1006.5051581093518,1061
https://www.google.com/finance/quote/300181:SHE,google.com,1e-06,3.8e-05,0.0009175,0.406196,0.005106409372236958,0.028850242565865155,39.0,806.75,10624.0,457.14310954063603,832.1693916440698,1132
https://www.google.com/finance/quote/3096:TYO,google.com,1e-06,3.9e-05,0.000806,0.324918,0.004292857572718155,0.02081226423718692,68.0,1328.0,9296.0,684.124248496994,1020.5060747192059,998
https://www.google.com/finance/quote/519003:BOM,google.com,3.8e-05,0.000624,0.003214,0.098317,0.004739551955307263,0.011352281826790173,39.0,763.0,7896.0,463.58482142857144,769.098533148479,896
https://www.google.com/finance/quote/600233:SHA,google.com,1e-06,6.5e-05,0.0014910000000000001,0.517742,0.005252242702251876,0.02562550415524858,31.0,210.25,5312.0,267.12333333333333,514.9668424564638,1200
https://www.google.com/finance/quote/6904:TYO,google.com,1e-06,8.2e-05,0.0014269999999999999,0.331002,0.003932577181208053,0.01652731615149116,34.5,235.0,7968.0,330.5316091954023,724.2628308073433,1044
https://www.google.com/finance/quote/8214:TYO,google.com,1e-06,4e-05,0.00050475,0.454305,0.0023457558275058275,0.013895567998480778,150.0,1428.0,7968.0,830.2323820617356,1042.351380259945,1717
https://www.google.com/finance/quote/AGHOL:IST,google.com,1e-06,4.5e-05,0.0011195,0.445357,0.004974814545454545,0.02383996218325758,39.0,493.0,6640.0,392.4405086285195,679.4576348779399,1101
https://www.google.com/finance/quote/ALCRB:EPA,google.com,2.5e-05,0.00042750000000000004,0.00309525,0.104055,0.004999762645914397,0.012387872732298778,39.0,783.0,7968.0,430.6336248785228,702.3486065018127,1029
https://www.google.com/finance/quote/ALGM:NASDAQ,google.com,1e-06,4.5e-05,0.00090175,0.285689,0.0032992143698468783,0.01399923797959769,39.0,507.0,9296.0,435.5520894643908,822.0420235132286,1699
https://www.google.com/finance/quote/APM:NASDAQ,google.com,2.9e-05,0.000558,0.00269625,0.17691,0.004752805820105821,0.012454189694917149,31.0,1328.0,7800.0,467.6367001586462,729.248212370094,1891
https://www.google.com/finance/quote/ASPZ:OTCMKTS,google.com,1e-06,5.5e-05,0.000874,0.446581,0.004809177189409369,0.026188737930932352,39.0,817.0,5312.0,512.8524923702951,873.6045034939106,983
https://www.google.com/finance/quote/AVO:LON,google.com,1e-06,7.7e-05,0.002905,0.191736,0.005479645875251508,0.01745955365402363,39.0,674.0,5312.0,431.62048192771084,788.5631959623315,498
https://www.google.com/finance/quote/BIOM:LON,google.com,1e-06,3.8e-05,0.000767,0.45441,0.005341673376029277,0.03158093293110412,39.0,1328.0,10624.0,786.5118829981718,1764.4029792377944,1094
https://www.google.com/finance/quote/BJI:FRA,google.com,2e-06,5.6e-05,0.0007355,0.277463,0.0021192985495568093,0.008175105394594413,39.0,1328.0,10624.0,765.4808699154249,1410.1241065619213,2483
https://www.google.com/finance/quote/CVT:NZE,google.com,1e-05,2.9e-05,0.000699,0.960434,0.0028779076320939335,0.03094738753228921,57.0,1328.0,10624.0,1052.8356807511736,1791.55194275669,2556
https://www.google.com/finance/quote/CYM:ASX,google.com,2.1e-05,0.00026199999999999997,0.0022225,0.23968,0.003891129139072848,0.011989899359644122,39.0,404.0,6580.0,351.1091811414392,608.825292193073,1209
https://www.google.com/finance/quote/DBLSX:MUTF,google.com,1e-06,4.9e-05,0.0006325,0.203701,0.002091655303030303,0.00957579622283496,68.0,1328.0,5312.0,695.2888047593294,973.4386243062601,1849
https://www.google.com/finance/quote/DG:NYSE,google.com,7e-06,2.9e-05,0.000507,0.360884,0.001511782618310482,0.008974284111981548,39.0,2656.0,13280.0,1777.5253150563785,2935.9117508707977,4523
https://www.google.com/finance/quote/DGIFX:MUTF,google.com,1e-06,3.1e-05,0.0005585,0.653662,0.004532533661740558,0.028638907391393575,87.0,1328.0,10624.0,797.5045118949959,1513.2688567400357,1219
https://www.google.com/finance/quote/DTS:ASX,google.com,1e-06,5.2e-05,0.0012495,0.238536,0.0035715682008368196,0.01336942634928182,39.0,1328.0,5312.0,722.2759197324415,1010.3307354199906,1196
https://www.google.com/finance/quote/DUK-A:NYSE,google.com,2e-06,6.8e-05,0.000974,0.965979,0.0043036560153379136,0.02409563082139443,31.0,624.0,9296.0,536.0074555330706,923.1541976447257,18778
https://www.google.com/finance/quote/EIFAX:MUTF,google.com,4e-06,8.7e-05,0.000989,0.355801,0.005392418039895924,0.026001414971187818,33.0,1104.0,10624.0,869.872616984402,1954.7938890192506,1154
https://www.google.com/finance/quote/EMLC:NYSEARCA,google.com,1e-06,0.000102,0.0014842500000000001,0.52863,0.00516121402550091,0.026425566390280698,24.0,100.5,6640.0,255.95177434030938,612.5200672851419,1099
https://www.google.com/finance/quote/ENX:EPA,google.com,2e-06,5.1e-05,0.000884,0.257255,0.004226985621854781,0.01972092855975058,39.0,1328.0,10624.0,819.5222701149426,1814.5651437461165,1392
https://www.google.com/finance/quote/EVX:NYSEARCA,google.com,1e-06,4.7e-05,0.000721,0.368051,0.003666829433962264,0.018214703519415034,85.0,1328.0,11453.0,741.5829562594269,1010.2401763282746,1326
https://www.google.com/finance/quote/FFFCX:MUTF,google.com,5e-06,6.9e-05,0.001156,0.406887,0.003967079254079254,0.01801405033428851,31.0,99.0,9296.0,330.125,864.9244649842004,1288
https://www.google.com/finance/quote/FIA1S:HEL,google.com,1e-06,4.6e-05,0.00060125,0.200508,0.0012344787379972566,0.004775703153543336,53.0,1328.0,10624.0,614.0805760329162,985.139443741914,5833
https://www.google.com/finance/quote/FKQTX:MUTF,google.com,2e-06,6.1e-05,0.000877,0.615489,0.0038244350557244174,0.019332998123805477,31.0,766.0,10624.0,575.1956639200324,1056.5703375676123,14806
https://www.google.com/finance/quote/FLIFX:MUTF,google.com,1e-06,4.7e-05,0.001078,0.680183,0.005878201005025126,0.034335458575580007,39.0,304.75,3984.0,312.47791164658634,555.8268597360839,996
https://www.google.com/finance/quote/FLOA:LON,google.com,1e-06,6.3e-05,0.00085,0.260133,0.0027564290245836636,0.013170567818414003,53.0,1328.0,7968.0,632.9873217115689,963.1148572363005,1262
https://www.google.com/finance/quote/GLDIX:MUTF,google.com,1e-06,4.8e-05,0.000533,0.196886,0.002315912493410648,0.010428093094840454,53.0,1328.0,9296.0,706.2518440463646,1036.3790564075098,1898
https://www.google.com/finance/quote/INIIX:MUTF,google.com,1e-06,0.0001355,0.002251,0.734549,0.007875763305322128,0.04448141295723199,39.0,481.5,6640.0,443.4825174825175,813.9172892164964,715
https://www.google.com/finance/quote/KIM:NYSE,google.com,2e-06,2.9e-05,0.00072375,0.647943,0.0025918311546840956,0.01947028781846518,78.0,1328.0,10624.0,997.8290691344583,1504.3120349301098,1837
https://www.google.com/finance/quote/KLA:FRA,google.com,8.25e-06,0.00013450000000000002,0.00139475,0.181083,0.003618573555166375,0.013158774881948408,31.0,390.0,6640.0,463.09711286089237,875.7892563619865,1143
https://www.google.com/finance/quote/LXE:CVE,google.com,2.8e-05,0.00037,0.0022115,0.189971,0.003146018119068162,0.009754212265268082,31.0,372.0,14300.0,467.90344827586205,1146.5526169895695,1160
https://www.google.com/finance/quote/MEKKO:HEL,google.com,1e-06,4e-05,0.000501,0.228464,0.0016705022381378692,0.007670113839624737,64.0,1328.0,11414.0,749.8263982102908,1045.0218775456406,2235
https://www.google.com/finance/quote/MMC:NYSE,google.com,2e-06,8.3e-05,0.0008875,0.219017,0.002470505115089514,0.009945421887295108,49.0,1328.0,5312.0,611.7808306709265,949.158282322208,1565
https://www.google.com/finance/quote/MXIM:NASDAQ,google.com,1e-06,5.9e-05,0.001822,0.356419,0.00678531990794016,0.02669760001750674,39.0,968.0,10624.0,460.75632183908044,871.3478351804649,870
https://www.google.com/finance/quote/MYL:ASX,google.com,1e-06,0.0001,0.002542,0.279243,0.006364662082514735,0.022578639801789938,39.0,305.0,6640.0,433.96666666666664,929.7186388436171,510
https://www.google.com/finance/quote/PHO:NASDAQ,google.com,1e-06,5.15e-05,0.00068275,0.456521,0.0037817268976897685,0.022748801372414928,53.0,1328.0,3984.0,684.3091508656224,961.0329791532415,1213
https://www.google.com/finance/quote/PQE:CVE,google.com,1e-06,6.3e-05,0.0009350000000000001,0.717803,0.006778796511627907,0.036407067216375544,45.0,1328.0,4170.0,670.6023222060958,1011.9736207354254,689
https://www.google.com/finance/quote/PX1GR:INDEXEURO,google.com,1e-06,3.8e-05,0.000532,0.232469,0.002453747361013371,0.01122766838964434,53.0,1328.0,10624.0,966.471870604782,1852.4842236837164,1422
https://www.google.com/finance/quote/RBF1012:MUTF_CA,google.com,4.1e-05,0.000812,0.0051155,0.377658,0.007839325047801148,0.023429953833446548,39.0,1328.0,6640.0,494.48091603053433,816.8994180992776,524
https://www.google.com/finance/quote/RCI:BKK,google.com,2.5e-05,0.00041,0.00311,0.16586,0.004551237942122187,0.01168415198095857,39.0,1328.0,5312.0,437.62098501070665,685.1197701824469,934
https://www.google.com/finance/quote/RFX:LON,google.com,5.1e-05,0.0008565000000000001,0.0033765,0.432725,0.00233535501998002,0.008738389161179501,210.0,1328.0,4723.0,923.783118991135,1043.2576279646385,8009
https://www.google.com/finance/quote/SCABLE:KLSE,google.com,1e-06,5.4499999999999997e-05,0.00196075,0.372763,0.0074644395465994955,0.028290771293753358,31.0,343.0,9296.0,370.1245283018868,750.4908407871567,795
https://www.google.com/finance/quote/SUPP:LON,google.com,1e-06,0.000141,0.001991,0.322815,0.005767808634772462,0.022507828380942337,24.0,93.5,5312.0,307.2191142191142,706.3615590118296,858
https://www.google.com/finance/quote/SWYDF:OTCMKTS,google.com,1e-06,3.8e-05,0.00058725,0.333489,0.002973311001410437,0.016144607193152933,74.0,1328.0,16031.0,1007.276955602537,1741.1586499793914,1419
https://www.google.com/finance/quote/SXIV:INDEXSTOXX,google.com,1e-06,4.4e-05,0.0006935,0.477595,0.0054948521434820645,0.03295997274952982,39.0,1328.0,10624.0,864.8374125874126,1708.115098475566,1144
https://www.google.com/finance/quote/SXPL:INDEXSTOXX,google.com,1e-06,5e-05,0.000864,0.741281,0.005417272209567198,0.0339145336429511,39.0,809.0,7968.0,539.0170648464164,933.8770989413647,879
https://www.google.com/finance/quote/TA:NASDAQ,google.com,2e-06,6.8e-05,0.0015947499999999998,0.507026,0.005175293843283582,0.02430306578106873,31.0,584.0,9454.0,538.3383038210625,1101.2216343085238,1073
https://www.google.com/finance/quote/TBI:CNSX,google.com,1e-06,4.55e-05,0.0019614999999999997,0.437421,0.007420335766423357,0.03217073642417169,39.0,813.0,10624.0,512.8633879781421,1025.7001692222316,549
https://www.google.com/finance/quote/VASWANI:NSE,google.com,1e-06,6.3e-05,0.001402,0.500312,0.004145331480194579,0.021338133622563066,39.0,104.25,5312.0,243.9361111111111,511.6877618397319,1440
https://www.google.com/finance/quote/VLKAF:OTCMKTS,google.com,1e-06,5e-05,0.00051875,0.328656,0.002653978672985782,0.01523686289439579,94.0,1328.0,8717.0,720.0260509177028,983.6050401016491,1689
https://www.google.com/finance/quote/VOXX:NASDAQ,google.com,1e-06,5.9499999999999996e-05,0.00101275,0.45733,0.006333732492997199,0.030895230890606404,49.0,1328.0,4049.0,628.5006993006994,954.1056122134564,715
https://www.google.com/finance/quote/WAAEX:MUTF,google.com,2e-06,4.6e-05,0.000963,0.414058,0.003595593147751606,0.021834736915424046,31.0,1239.75,7968.0,576.1654778887304,927.6007755842343,1402
https://www.google.com/intl/id/photos/gallery-go/,google.com,6e-06,2.4e-05,0.0006464999999999999,0.455553,0.0026494503061705132,0.017990406097187175,39.0,2656.0,10624.0,1135.14736346516,1730.318938861115,2124
https://www.google.com/intl/pt-PT/nonprofits/resources/coronavirus/,google.com,4.5e-06,3.2e-05,0.000707,0.349448,0.0026179960604070913,0.017091731370666573,31.0,1328.0,6640.0,735.9448818897638,1123.8467716869468,1524
https://www.google.com/intl/sk/chrome/,google.com,9e-06,2.8e-05,0.0004955000000000001,0.313327,0.002017164447403462,0.015538383366252026,39.0,2656.0,13280.0,1565.034608985025,2663.7834021273125,3005
https://www.google.com/intl/sk/get/videoqualityreport/m/methodology.html,google.com,2e-06,8.1e-05,0.0012265000000000002,0.605344,0.006407174474959612,0.03413310196513626,24.0,83.0,2656.0,397.98064516129034,789.281673552838,620
https://www.google.com/intl/sk_sk/adsense/start/contact-form/,google.com,8e-06,2.7e-05,0.000736,0.429032,0.0027364599496221666,0.019179294111422145,39.0,1328.0,7968.0,902.4083585095669,1232.7521065004241,1986
https://www.google.com/intl/zh-CN_cn/admob/app-insights.html,google.com,1e-05,2.9e-05,0.0006215000000000001,0.754198,0.00218492527399535,0.018774889202943016,61.5,2656.0,10624.0,1376.6606905710491,2084.454441472353,3012
https://www.yahoo.com/entertainment/7-best-watches-week-pharrell-140000095.html,yahoo.com,6e-06,4.1e-05,0.000568,0.406745,0.00215005332588038,0.011292040471052018,39.0,1428.0,15936.0,1168.6009837531674,2192.0985700547203,26836
https://www.yahoo.com/entertainment/articles/lou-christie-singer-songwriter-hit-174910305.html,yahoo.com,9e-06,5.9e-05,0.0007775,0.07994,0.0009752802761709274,0.003477732430152508,24.0,311.0,10624.0,436.1733208955224,955.9352430151228,5360
https://www.yahoo.com/entertainment/celebrity/articles/love-blind-jordan-breaks-down-192727136.html,yahoo.com,1e-05,5.55e-05,0.000911,0.380078,0.0017938488213187565,0.009659511861098615,24.0,287.0,10624.0,474.6442356959863,970.7327308987909,5855
https://www.yahoo.com/entertainment/celebrity/articles/megan-thee-stallion-makes-tiniest-123500798.html,yahoo.com,2e-06,6.2e-05,0.000962,0.457608,0.0029411926563539586,0.013073229851702882,38.0,818.0,10624.0,562.4552788057715,949.8442452104259,24049
https://www.yahoo.com/entertainment/celebrity/articles/meghan-markle-public-actions-considered-091203974.html,yahoo.com,7e-06,3.4e-05,0.0006212500000000001,0.087989,0.0010073438673341678,0.003788788129088162,24.0,1091.0,10624.0,783.3015798529642,1665.1694884622739,6393
https://www.yahoo.com/entertainment/eliminated-act-most-robbed-agt-031520557.html,yahoo.com,3.2500000000000002e-06,5.05e-05,0.00081,0.176453,0.0010767833074131674,0.004280056166863653,31.0,470.0,10624.0,493.8960601347849,994.4147075849025,3859
https://www.yahoo.com/entertainment/emmy-awards-winners-2024-complete-020458228.html,yahoo.com,2.6e-05,0.000383,0.002116,0.385933,0.003743395115082063,0.011160360911121398,0.0,476.0,9212.0,404.15348385530467,726.2503832712173,20595
https://www.yahoo.com/entertainment/gisele-b-ndchen-shares-powerful-231553183.html,yahoo.com,2e-06,3.5e-05,0.000508,0.818096,0.0023497739258842554,0.01985396364673684,39.0,1328.0,21248.0,831.1374630853608,1578.9974994648342,14222
https://www.yahoo.com/entertainment/leap-media-adds-travel-detective-114608130.html,yahoo.com,8e-06,5.5e-05,0.0007605,0.095235,0.0008934057336253235,0.002912984212542848,24.0,384.25,10624.0,464.4966162420382,896.6669169833567,5024
https://www.yahoo.com/entertainment/liam-payne-embroiled-bitter-legal-231345205.html,yahoo.com,2e-06,4.5e-05,0.000695,0.09825,0.0008834788484136311,0.0029704735415355733,24.0,377.0,13280.0,501.0436655570785,1001.7912778848945,5107
https://www.yahoo.com/entertainment/matthew-mcconaughey-letting-hair-down-151030670.html,yahoo.com,5e-06,5.4e-05,0.0007815000000000001,0.09297,0.0011664430806996012,0.004092261397599558,24.0,303.0,10624.0,508.1153374233129,1151.5298748466537,3260
https://www.yahoo.com/entertainment/music/articles/chappell-roan-cardi-b-ejae-011857362.html,yahoo.com,2e-06,5.8e-05,0.000707,0.424547,0.0024177339120848833,0.014615930718653875,39.0,1322.0,10624.0,600.4740975475338,1003.4924735637793,7258
https://www.yahoo.com/entertainment/music/articles/first-lovin-life-boomed-then-100100794.html,yahoo.com,2e-06,4e-05,0.0006935,0.107042,0.0009053892427459306,0.003256876558145114,31.0,624.0,10624.0,579.3915094339623,1124.9359892768825,4240
https://www.yahoo.com/entertainment/report-cash-wheeler-facing-criminal-004313651.html,yahoo.com,1e-05,7.7e-05,0.001216,0.16931,0.0017065522480620157,0.0053974116501263845,18.0,220.0,10624.0,441.8230006199628,1059.0875282701966,3226
https://www.yahoo.com/entertainment/see-whose-style-crowned-mvp-130000203.html,yahoo.com,6e-06,2.8e-05,0.000476,0.036936,0.0005624673830594185,0.001789506375663478,31.0,1328.0,15936.0,1093.1064340791304,2131.8633369736795,7911
https://www.yahoo.com/entertainment/tv/articles/brooks-nader-livvy-dunne-excited-080827777.html,yahoo.com,2e-06,5.8e-05,0.00085,0.829945,0.003952493548927614,0.02381950906839325,36.0,1135.0,10624.0,601.8729108197546,1068.6815802929586,23873
https://www.yahoo.com/entertainment/tv/articles/watch-luke-grimes-joins-u-192525169.html,yahoo.com,2e-06,3.5e-05,0.000606,0.148017,0.0008701408689110401,0.0037365344639793976,24.0,622.25,10624.0,612.6908612260248,1204.3137868327808,5318
https://www.yahoo.com/lifestyle/articles/1984-hit-ranked-best-super-200314770.html,yahoo.com,2e-06,3.9e-05,0.000572,0.086163,0.0009179807777286788,0.0034298920422205503,47.0,1328.0,11952.0,774.8212944554892,1331.8281133021874,4527
https://www.yahoo.com/lifestyle/articles/protecting-compass-one-thing-could-114500962.html,yahoo.com,2.5e-05,0.000385,0.00180975,0.078202,0.002311046625766871,0.005410264144984483,24.0,779.5,5312.0,458.56246166428133,772.0298384821277,4891
https://www.yahoo.com/lifestyle/cherry-blossom-blooms-tacoma-survived-212317900.html,yahoo.com,4e-06,6.1e-05,0.000924,0.44735,0.0033176553762431977,0.015455496188652622,39.0,1328.0,10624.0,674.9541680349017,1248.1437885437667,21317
https://www.yahoo.com/lifestyle/coffee-10x-better-according-meghan-174500827.html,yahoo.com,8e-06,3.7e-05,0.000524,0.815022,0.003023438239885521,0.02131191914525026,39.0,1906.0,15936.0,1367.0099190217568,2485.703330989737,30749
https://www.yahoo.com/lifestyle/dachshunds-happiness-over-totos-return-150500709.html,yahoo.com,2e-06,3.3e-05,0.0005384999999999999,0.104072,0.0008302967956575031,0.003251197861533361,35.0,1328.0,10624.0,770.1894257703082,1370.0755656857966,5712
https://www.yahoo.com/lifestyle/foreign-office-updates-france-advice-101634888.html,yahoo.com,8e-06,6.2e-05,0.0009764999999999999,0.075755,0.001436113062568606,0.004481451825379211,24.0,385.0,11952.0,536.4170096021948,1188.2235878701313,3645
https://www.yahoo.com/lifestyle/may-replace-wooden-spoon-sooner-130035759.html,yahoo.com,9e-06,5.1e-05,0.000812,0.06501,0.0012493619825995254,0.004173476749458353,31.0,1322.0,13280.0,644.9454401686874,1149.3688832887483,3794
https://www.yahoo.com/lifestyle/national-cookie-day-where-cookie-153256694.html,yahoo.com,1e-05,5.8e-05,0.000894,0.360962,0.0015634858223062382,0.00818739117245524,24.0,527.5,20474.0,642.6648818897638,1451.1767679349227,3175
https://www.yahoo.com/news/articles/crash-u-50-sends-2-205251962.html,yahoo.com,1.1e-05,8.6e-05,0.00097625,0.186425,0.0012646394643759473,0.004430976948010718,31.0,450.0,13280.0,566.2182369285173,1198.0285776330575,3959
https://www.yahoo.com/news/articles/huntsville-grows-again-city-adds-130051228.html,yahoo.com,1e-05,4.4e-05,0.000526,0.323016,0.0015571912820814692,0.008110359546169883,39.0,2524.0,13280.0,1536.6565912234746,2719.7892017275676,33977
https://www.yahoo.com/news/articles/lakeland-man-arrested-deadly-shooting-114459961.html,yahoo.com,2e-06,3e-05,0.000522,0.050722,0.0005436208463791536,0.001672479601501952,24.0,390.5,10624.0,498.8010502928701,1016.0928009539227,9902
https://www.yahoo.com/news/articles/man-abandoned-baby-outside-bathroom-114124362.html,yahoo.com,2e-06,4e-05,0.000734,0.050538,0.0010307552762627461,0.0031654167025404857,24.0,400.25,10624.0,568.3947368421053,1223.6732184472169,4218
https://www.yahoo.com/news/articles/woman-76-found-dead-oak-175243972.html,yahoo.com,2e-05,0.000288,0.0016405,0.064025,0.0021551009228937185,0.005444181578291746,31.0,1328.0,6640.0,495.93095238095236,784.5371008639542,3360
https://www.yahoo.com/news/bells-ring-across-county-tribute-142229603.html,yahoo.com,8e-06,3.2e-05,0.000532,0.177882,0.0007064082969432315,0.0029151026138719348,62.0,2346.0,11952.0,1377.716741711011,2407.884892563302,7329
https://www.yahoo.com/news/berks-commissioners-learn-6-3-104600147.html,yahoo.com,9e-06,5.2e-05,0.0007602500000000001,0.228669,0.0010996418245264206,0.00491844492134999,24.0,482.0,10624.0,546.7652628955893,1074.8222555735372,4013
https://www.yahoo.com/news/bridging-digital-divide-tiny-village-061732312.html,yahoo.com,8e-06,7.5e-05,0.001032,0.068457,0.0015326645815358067,0.004609635175548677,0.0,242.0,10624.0,461.21824455466896,1071.2868566118855,4637
https://www.yahoo.com/news/champaign-activates-sidewalk-snow-removal-200627261.html,yahoo.com,2e-06,5.8e-05,0.00076425,0.197568,0.0010893917910447762,0.004626062536937089,31.0,680.0,10624.0,565.8497886097986,1026.31837447701,4021
https://www.yahoo.com/news/christian-co-woman-charged-child-133833369.html,yahoo.com,2e-06,3.9e-05,0.000778,0.194155,0.0010667454220634211,0.004277894832699662,24.0,899.0,10624.0,638.6704621567314,1217.7262350279068,4479
https://www.yahoo.com/news/elon-musks-x-sues-overturn-194354050.html,yahoo.com,2.7e-05,0.000386,0.0021885,0.410357,0.004271951454485643,0.012586783292895767,12.0,328.25,6640.0,368.18848684210525,670.6639257978405,21280
https://www.yahoo.com/news/l-fires-show-reality-world-130304869.html,yahoo.com,9e-06,6.3e-05,0.000852,0.075693,0.001130472614622057,0.0034663268571280418,31.0,480.25,10624.0,573.9018830525273,1188.8334862497256,4036
https://www.yahoo.com/news/letter-carriers-protest-potential-privatization-040821090.html,yahoo.com,8e-06,6.3e-05,0.00092975,0.773132,0.0036642203955021325,0.01887393432021853,31.0,600.0,10624.0,583.4363706863126,1196.5705551184217,25791
https://www.yahoo.com/news/man-seemingly-boarded-delta-flight-110518720.html,yahoo.com,2.5e-05,0.000346,0.0015760000000000001,0.082095,0.002236886595434677,0.00590077941114432,31.0,1328.0,8025.0,501.55717407137655,784.9307447085442,4119
https://www.yahoo.com/news/minnesota-sen-nicole-mitchell-resign-165823413.html,yahoo.com,9e-06,4.55e-05,0.00065975,0.170617,0.0010259611713665945,0.004424201541975708,31.0,1328.0,33200.0,997.794621557146,2148.5663986266027,4611
https://www.yahoo.com/news/musk-doge-takeover-peace-institute-213714970.html,yahoo.com,2.7e-05,0.000394,0.002366,0.173061,0.002639471578687106,0.005977767973679734,31.0,1328.0,5498.0,610.563492063492,838.6726062054036,40446
https://www.yahoo.com/news/no-injuries-reported-school-bus-133724435.html,yahoo.com,1.2e-05,0.00012,0.001299,0.717121,0.0044220163620618935,0.022378021377838935,0.0,204.0,10624.0,362.39153222131074,778.8400600735478,21942
https://www.yahoo.com/news/officer-hit-head-east-charlotte-112109083.html,yahoo.com,4e-06,4.9e-05,0.00079225,0.114528,0.0010790981112277019,0.004189960356790232,24.0,318.0,10624.0,498.1290322580645,986.628642820713,3813
https://www.yahoo.com/news/oklahoma-capitol-protest-over-anti-223257315.html,yahoo.com,7e-06,7.65e-05,0.000923,0.064012,0.001317755253716043,0.004003034645817253,24.0,303.0,10624.0,464.8288496028696,938.2638527206913,3903
https://www.yahoo.com/news/opinion-m-oncologist-surgeon-general-215929726.html,yahoo.com,2e-06,4.5e-05,0.00062,0.101155,0.0008472029899556178,0.003522715919790081,31.0,1110.0,10624.0,637.9960298925736,1214.6236356384077,4282
https://www.yahoo.com/news/rpd-maplewood-park-shooting-151600701.html,yahoo.com,2e-06,4.2e-05,0.00073,0.087981,0.001005020863162201,0.003646222910894404,24.0,391.0,10624.0,485.66155419222906,988.7239167788938,4890
https://www.yahoo.com/news/russia-says-scrambled-fighter-jets-122501092.html,yahoo.com,6e-06,5e-05,0.000757,0.102484,0.0011508302491981248,0.0039654142173181665,31.0,951.5,10624.0,606.5241736556487,1057.2068585449579,4054
https://www.yahoo.com/news/southern-power-issues-statement-following-035039947.html,yahoo.com,8e-06,5.3e-05,0.00094475,0.275006,0.0018938997781065088,0.008348655408317968,24.0,376.0,10624.0,532.528280961183,1070.0178018079127,2705
https://www.yahoo.com/news/sundays-incident-isnt-first-time-020600981.html,yahoo.com,1e-05,6.8e-05,0.000932,0.178271,0.0013414982320797172,0.004855174774927601,31.0,527.0,10624.0,531.0983290488432,1013.8241151793657,3112
https://www.yahoo.com/news/tsu-agriculture-facilities-open-2020-141353543.html,yahoo.com,7e-06,5.7e-05,0.000864,0.092683,0.001315904701073071,0.004387012390820515,24.0,373.5,10624.0,531.3621966794381,1127.9984423975857,3915
https://www.yahoo.com/news/weather/greece/crete/sitia-airport-12523352,yahoo.com,9e-06,6e-05,0.00089275,0.25608,0.001610915302089215,0.0062771151262785,39.0,1328.0,11952.0,911.7200112898673,1801.7977181166852,3543
https://www.yahoo.com/news/weather/india/gujarat/vallabh-vidhyanagar-2288051,yahoo.com,2.8e-05,0.000385,0.002648,0.20255,0.004220368871008298,0.01106771006154866,31.0,1328.0,3984.0,503.5975364504776,756.4025983469276,3978
https://www.yahoo.com/news/weather/switzerland/canton-of-berne/hunibach-782809,yahoo.com,2e-06,6.1e-05,0.001111,1.34961,0.009232061049011179,0.05604752185538451,38.0,839.0,10624.0,586.9296241709653,1018.5611609298697,8142
https://www.yahoo.com/news/zelenskiy-says-kyiv-security-guarantees-222324795.html,yahoo.com,8e-06,7.9e-05,0.000882,0.042169,0.00106209513840428,0.0027913892584356436,24.0,290.0,10624.0,448.7243545010468,903.764294513368,4300
https://www.yahoo.com/tech/chatgpt-store-lets-create-anything-200955715.html,yahoo.com,2.7e-05,0.00047,0.001636,0.621263,0.003720809794490599,0.01317188108436443,24.0,1328.0,6640.0,527.3629859289292,804.976114716603,25158
https://www.yahoo.com/tech/oracle-updates-database-technology-ai-145140929.html,yahoo.com,1.1e-05,3.2e-05,0.000417,0.760605,0.001093497865082363,0.010451285554366967,1328.0,3984.0,51792.0,2454.900066393461,3305.329516854056,87358
https://www.yahoo.com/tech/ranking-arachnophobia-modes-someone-whos-170909248.html,yahoo.com,1.1e-05,5.9e-05,0.000754,0.127037,0.0014354264419961114,0.005020681942454317,24.0,1322.0,10624.0,1024.8833693304537,2236.7953541301563,4630
